<?xml version="1.0" encoding="UTF-8"?>
<project-private xmlns="http://www.netbeans.org/ns/project-private/1">
    <data xmlns="http://www.netbeans.org/ns/make-project-private/1">
        <activeConfTypeElem>1</activeConfTypeElem>
        <activeConfIndexElem>0</activeConfIndexElem>
    </data>
    <open-files xmlns="http://www.netbeans.org/ns/projectui-open-files/1">
        <file>file:/C:/Users/rcc/Desktop/CSC-5-Summer-2014---46023/Homework/Assignment2/Savitch_8thEd_Chap2_Prob6_firereg/main.cpp</file>
    </open-files>
</project-private>
